game_pk,game_date,pitch_id,inning,ab_number,pitch_number,batter,pitcher,pitch_name,pitch_velocity,pitch_call,pitch_in_zone,at_bat_eventual_result,at_bat_eventual_desc,dist_from_sz_center_inches,dist_from_sz_edge_inches,inside_margin_inches,zone,px,pz,sz_bot,sz_top,team_role
824541,2026-03-26,6965df89-56b4-3c40-9fdb-b40d78d6ef3b,1,1,1,Roman Anthony,Andrew Abbott,4-Seam Fastball,92.5,hit_into_play,True,Single,Roman Anthony singles on a ground ball to center fielder TJ Friedl.,0.0,-1.45,4.2328910081920625,5,-0.23442574931732807,2.198930404974968,1.679,3.326,thrown_to_redsox
824541,2026-03-26,c4b6cdf5-f528-3555-a949-b081fea0a90e,1,2,1,Trevor Story,Andrew Abbott,4-Seam Fastball,93.4,called_strike,True,GIDP,"Trevor Story grounds into a double play, third baseman Ke'Bryan Hayes to second baseman Matt McLain to first baseman Sal Stewart. Roman Anthony out at 2nd. Trevor Story out at 1st.",0.0,-1.45,2.095105816070636,6,0.41257451532744693,2.5458081601420264,1.636,3.242,thrown_to_redsox
824541,2026-03-26,5d372fcc-6060-358b-bd9d-ecbc4c1275f7,1,2,2,Trevor Story,Andrew Abbott,Changeup,85.4,hit_into_play,False,GIDP,"Trevor Story grounds into a double play, third baseman Ke'Bryan Hayes to second baseman Matt McLain to first baseman Sal Stewart. Roman Anthony out at 2nd. Trevor Story out at 1st.",2.7417147618080158,1.2917147618080158,0.0,14,0.9364762301506679,1.6394061829795632,1.636,3.242,thrown_to_redsox
824541,2026-03-26,182ba068-b5e8-331b-9be7-bc32abe3805a,1,3,1,Jarren Duran,Andrew Abbott,Curveball,80.2,hit_into_play,True,Single,"Reds challenged (play at 1st), call on the field was upheld: Jarren Duran singles on a ground ball to second baseman Matt McLain.",0.0,-1.45,3.2108628840299014,6,0.31959475966417483,2.2024768096484757,1.63,3.23,thrown_to_redsox
824541,2026-03-26,0f93347d-83a1-334b-a86c-9e34d1c9a6cb,1,4,1,Willson Contreras,Andrew Abbott,4-Seam Fastball,92.5,ball,False,Walk,Willson Contreras walks.,1.8659076589183732,0.41590765891837317,0.0,12,0.8634923049098644,3.053725919778789,1.63,3.23,thrown_to_redsox
824541,2026-03-26,f0404417-4b2d-3c76-a4e7-828069511a0b,1,4,2,Willson Contreras,Andrew Abbott,Changeup,85.2,ball,False,Walk,Willson Contreras walks.,7.051861061280909,5.601861061280909,0.0,12,1.2956550884400757,3.115718856442945,1.63,3.23,thrown_to_redsox
824541,2026-03-26,06322826-78ad-3ef2-85a1-8fe9e66817fd,1,4,3,Willson Contreras,Andrew Abbott,Changeup,85.5,ball,False,Walk,Willson Contreras walks.,13.55915649494005,12.109156494940049,0.0,12,1.1499350047912182,4.269920475979553,1.63,3.23,thrown_to_redsox
824541,2026-03-26,a4586dc7-d2c7-3fa9-89e6-96a8391b5914,1,4,4,Willson Contreras,Andrew Abbott,4-Seam Fastball,93.7,ball,False,Walk,Willson Contreras walks.,8.314360187935518,6.864360187935518,0.0,12,1.4008633489946265,2.763823971072495,1.63,3.23,thrown_to_redsox
824541,2026-03-26,6b2ae0e3-c2ca-3936-98c5-95c9b7e57a04,1,5,1,Caleb Durbin,Andrew Abbott,4-Seam Fastball,93.3,foul,True,Groundout,"Caleb Durbin grounds out, second baseman Matt McLain to first baseman Sal Stewart.",0.09521141317955362,-1.3547885868204463,0.0,3,0.7159342844316294,2.902698026909624,1.487,2.947,thrown_to_redsox
824541,2026-03-26,c21e51c8-a2d7-3ba4-a40c-8ebae2657518,1,5,2,Caleb Durbin,Andrew Abbott,4-Seam Fastball,94.0,hit_into_play,True,Groundout,"Caleb Durbin grounds out, second baseman Matt McLain to first baseman Sal Stewart.",1.3388004247634449,-0.11119957523655516,0.0,2,-0.10621733672408284,3.0585667020636205,1.487,2.947,thrown_to_redsox
824541,2026-03-26,bfc95266-06ad-36c4-b3b8-adfd5bb2c01f,2,9,1,Wilyer Abreu,Andrew Abbott,Curveball,78.7,called_strike,False,Single,Wilyer Abreu singles on a ground ball to first baseman Sal Stewart.,2.4306648393906887,0.9806648393906887,0.0,12,0.3117086755270022,3.3195554032825574,1.573,3.117,thrown_to_redsox
824541,2026-03-26,4aac686b-6542-388a-9ed1-347c4f19bd4e,2,9,2,Wilyer Abreu,Andrew Abbott,Curveball,81.2,ball,False,Single,Wilyer Abreu singles on a ground ball to first baseman Sal Stewart.,9.445571801732815,7.9955718017328135,0.0,12,1.4951309834777344,2.8744569220863436,1.573,3.117,thrown_to_redsox
824541,2026-03-26,144dd310-6a23-300a-846c-e8e834f98220,2,9,3,Wilyer Abreu,Andrew Abbott,Curveball,80.4,foul,True,Single,Wilyer Abreu singles on a ground ball to first baseman Sal Stewart.,0.5274045380910115,-0.9225954619089884,0.0,6,0.7519503781742509,2.3131247746785304,1.573,3.117,thrown_to_redsox
824541,2026-03-26,a117a481-fe1b-3820-bc7b-8ff5899598bd,2,9,4,Wilyer Abreu,Andrew Abbott,4-Seam Fastball,94.0,foul,True,Single,Wilyer Abreu singles on a ground ball to first baseman Sal Stewart.,0.0,-1.45,0.7398429522552965,4,-0.5255130873120586,2.278401812992,1.573,3.117,thrown_to_redsox
824541,2026-03-26,3654cf13-0685-3fba-96fc-cd815401fd8f,2,9,5,Wilyer Abreu,Andrew Abbott,4-Seam Fastball,93.8,ball,False,Single,Wilyer Abreu singles on a ground ball to first baseman Sal Stewart.,2.361717479996196,0.9117174799961962,0.0,14,0.14468137664696346,1.376190210000317,1.573,3.117,thrown_to_redsox
824541,2026-03-26,9f0c585e-b14a-312d-b2f7-0ed30b22fb2b,2,9,6,Wilyer Abreu,Andrew Abbott,Sweeper,82.7,hit_into_play,False,Single,Wilyer Abreu singles on a ground ball to first baseman Sal Stewart.,10.372786609798373,8.922786609798372,0.0,13,-0.45364084924872117,0.7086011158501355,1.573,3.117,thrown_to_redsox
824541,2026-03-26,e9e01c47-1d6e-3b65-991d-274321eab152,2,10,1,Isiah Kiner-Falefa,Andrew Abbott,4-Seam Fastball,93.2,foul,True,Strikeout,Isiah Kiner-Falefa called out on strikes.,0.0,-1.45,3.0195018488658816,2,-0.1581742406119906,2.75254151259451,1.577,3.125,thrown_to_redsox
824541,2026-03-26,9107af99-b715-3658-8039-b4790e6e018d,2,10,2,Isiah Kiner-Falefa,Andrew Abbott,4-Seam Fastball,93.4,foul,False,Strikeout,Isiah Kiner-Falefa called out on strikes.,3.2190459057206127,1.7690459057206125,0.0,12,0.20927016552401767,3.3932538254767177,1.577,3.125,thrown_to_redsox
824541,2026-03-26,2514d4f5-5c8f-35d0-8f2d-b4929b127af2,2,10,3,Isiah Kiner-Falefa,Andrew Abbott,4-Seam Fastball,93.5,called_strike,True,Strikeout,Isiah Kiner-Falefa called out on strikes.,0.0,-1.45,0.0,4,-0.6215541325252811,2.179523654380966,1.577,3.125,thrown_to_redsox
824541,2026-03-26,e29cd3dc-cd1d-30e3-8352-d5cbb8be621d,2,11,1,Carlos Narváez,Andrew Abbott,4-Seam Fastball,93.9,called_strike,True,Single,Carlos Narváez singles on a line drive to right fielder Noelvi Marte. Wilyer Abreu to 2nd.,0.0,-1.45,1.0100440749724247,3,0.4209623219944656,2.9759963270856313,1.605,3.181,thrown_to_redsox
824541,2026-03-26,42857cde-0d8c-3a6c-b888-c9cdb0f35846,2,11,2,Carlos Narváez,Andrew Abbott,Curveball,80.3,ball,False,Single,Carlos Narváez singles on a line drive to right fielder Noelvi Marte. Wilyer Abreu to 2nd.,4.06755997693736,2.6175599769373594,0.0,14,1.0469633314114466,1.783954293935043,1.605,3.181,thrown_to_redsox
824541,2026-03-26,d81a35d1-bd5a-34be-a0c4-899692837725,2,11,3,Carlos Narváez,Andrew Abbott,Changeup,85.8,hit_into_play,True,Single,Carlos Narváez singles on a line drive to right fielder Noelvi Marte. Wilyer Abreu to 2nd.,0.0,-1.45,0.1911379868986824,9,0.5712385010917764,1.998288338802662,1.605,3.181,thrown_to_redsox
824541,2026-03-26,7b7618e0-c898-3d9e-9d88-99e6023f349d,2,12,1,Ceddanne Rafaela,Andrew Abbott,Curveball,81.1,ball,False,GIDP,"Ceddanne Rafaela grounds into a double play, shortstop Elly De La Cruz to second baseman Matt McLain to first baseman Sal Stewart. Carlos Narváez out at 2nd. Ceddanne Rafaela out at 1st.",2.4160602338517254,0.9660602338517255,0.0,11,-0.20010710525017616,3.311338352820977,1.57,3.11,thrown_to_redsox
824541,2026-03-26,126de496-38e8-39c7-91cd-3976de0c50a2,2,12,2,Ceddanne Rafaela,Andrew Abbott,4-Seam Fastball,93.3,ball,True,GIDP,"Ceddanne Rafaela grounds into a double play, shortstop Elly De La Cruz to second baseman Matt McLain to first baseman Sal Stewart. Carlos Narváez out at 2nd. Ceddanne Rafaela out at 1st.",1.3559649492950827,-0.0940350507049173,0.0,9,0.5943732664669437,1.4570029208920765,1.57,3.11,thrown_to_redsox
824541,2026-03-26,64b7e411-0f50-3d59-a677-4c501725d0d6,2,12,3,Ceddanne Rafaela,Andrew Abbott,Changeup,85.9,swinging_strike,True,GIDP,"Ceddanne Rafaela grounds into a double play, shortstop Elly De La Cruz to second baseman Matt McLain to first baseman Sal Stewart. Carlos Narváez out at 2nd. Ceddanne Rafaela out at 1st.",0.13192517005819315,-1.3180748299418068,0.0,9,0.6433619651590297,1.559006235828484,1.57,3.11,thrown_to_redsox
824541,2026-03-26,2256f558-1c5a-326f-b4ef-9eb90fab603c,2,12,4,Ceddanne Rafaela,Andrew Abbott,4-Seam Fastball,93.8,swinging_strike,False,GIDP,"Ceddanne Rafaela grounds into a double play, shortstop Elly De La Cruz to second baseman Matt McLain to first baseman Sal Stewart. Carlos Narváez out at 2nd. Ceddanne Rafaela out at 1st.",4.964144878369629,3.5141448783696285,0.0,12,0.3818967264093196,3.5236787398641356,1.57,3.11,thrown_to_redsox
824541,2026-03-26,58dc0868-ff3b-30ea-aad9-ed85c5eb8ae9,2,12,5,Ceddanne Rafaela,Andrew Abbott,4-Seam Fastball,93.6,hit_into_play,True,GIDP,"Ceddanne Rafaela grounds into a double play, shortstop Elly De La Cruz to second baseman Matt McLain to first baseman Sal Stewart. Carlos Narváez out at 2nd. Ceddanne Rafaela out at 1st.",0.0,-1.45,1.6451508225174019,1,-0.3761990329257783,2.8520707647902164,1.57,3.11,thrown_to_redsox
824541,2026-03-26,4e25f140-1233-3e32-9edc-7da3550033dd,3,18,1,Roman Anthony,Andrew Abbott,Curveball,78.8,called_strike,True,Single,Roman Anthony singles on a line drive to left fielder Spencer Steer.,0.0,-1.45,4.059210499408911,8,-0.24889912504925737,2.153652942590634,1.679,3.326,thrown_to_redsox
824541,2026-03-26,756ec907-927a-3733-8c05-8b52681c89a7,3,18,2,Roman Anthony,Andrew Abbott,Curveball,81.1,ball,False,Single,Roman Anthony singles on a line drive to left fielder Spencer Steer.,5.2362073640910305,3.7862073640910303,0.0,14,0.23953170311743177,1.2426493863257475,1.679,3.326,thrown_to_redsox
824541,2026-03-26,1337ed17-58a7-37b6-a86a-bff221b3941b,3,18,3,Roman Anthony,Andrew Abbott,Sweeper,82.5,foul,False,Single,Roman Anthony singles on a line drive to left fielder Spencer Steer.,1.5233018075495375,0.07330180754953747,0.0,13,-0.8349418172957948,1.848171158753611,1.679,3.326,thrown_to_redsox
824541,2026-03-26,32b82624-287b-3a79-8d3f-c33a0d5e66aa,3,18,4,Roman Anthony,Andrew Abbott,4-Seam Fastball,93.5,foul,True,Single,Roman Anthony singles on a line drive to left fielder Spencer Steer.,0.08401121505005271,-1.3659887849499472,0.0,3,0.39390236524974886,3.3330009345875045,1.679,3.326,thrown_to_redsox
824541,2026-03-26,eda83587-6c7d-3007-a98e-6c61089bec03,3,18,5,Roman Anthony,Andrew Abbott,4-Seam Fastball,93.9,hit_into_play,True,Single,Roman Anthony singles on a line drive to left fielder Spencer Steer.,0.0,-1.45,4.610338445736326,2,-0.1603004216384134,2.8209717961886396,1.679,3.326,thrown_to_redsox
824541,2026-03-26,606be6ed-0d07-31d7-b674-18d24610540c,3,19,1,Trevor Story,Andrew Abbott,Curveball,79.3,hit_into_play,True,Lineout,Trevor Story lines out sharply to left fielder Spencer Steer.,0.0,-1.45,0.0405863154603649,9,0.5773509922569371,1.7602155262883636,1.636,3.242,thrown_to_redsox
824541,2026-03-26,8056255b-57dc-37d3-8408-d0c15d5d6744,3,20,1,Jarren Duran,Andrew Abbott,4-Seam Fastball,92.7,called_strike,True,Pop Out,Jarren Duran pops out to shortstop Elly De La Cruz.,0.0,-1.45,3.813258150358644,5,0.2693951541367796,2.279534895442635,1.63,3.23,thrown_to_redsox
824541,2026-03-26,b9492e03-e91b-343e-bd7e-589e5c3ad940,3,20,2,Jarren Duran,Andrew Abbott,Sweeper,82.0,blocked_ball,False,Pop Out,Jarren Duran pops out to shortstop Elly De La Cruz.,14.648559909424554,13.198559909424553,0.0,13,-0.971083008273633,0.4379730059651763,1.63,3.23,thrown_to_redsox
824541,2026-03-26,9043772f-4ccc-355d-b95b-c604cb6b276e,3,20,3,Jarren Duran,Andrew Abbott,Curveball,82.0,ball,False,Pop Out,Jarren Duran pops out to shortstop Elly De La Cruz.,12.23375432302007,10.78375432302007,0.0,13,-1.3771614194398345,0.8608696465884949,1.63,3.23,thrown_to_redsox
824541,2026-03-26,40c75e53-e447-38ad-87e2-c467b07255cf,3,20,4,Jarren Duran,Andrew Abbott,Curveball,82.9,hit_into_play,True,Pop Out,Jarren Duran pops out to shortstop Elly De La Cruz.,0.0,-1.45,4.086028533699779,8,0.06720960005976195,2.091335711141648,1.63,3.23,thrown_to_redsox
824541,2026-03-26,3144767b-9dcf-388e-b56e-e292b113132b,3,21,1,Willson Contreras,Andrew Abbott,4-Seam Fastball,93.3,ball,False,Groundout,"Willson Contreras grounds out, shortstop Elly De La Cruz to first baseman Sal Stewart.",18.062456400170475,16.612456400170473,0.0,12,0.09776292562437439,4.735204700014206,1.63,3.23,thrown_to_redsox
824541,2026-03-26,328b6ac7-8dd9-30f0-9060-7451f92405db,3,21,2,Willson Contreras,Andrew Abbott,Curveball,79.6,ball,True,Groundout,"Willson Contreras grounds out, shortstop Elly De La Cruz to first baseman Sal Stewart.",0.32436149208148024,-1.1256385079185198,0.0,3,0.7167938736655981,3.255559644124988,1.63,3.23,thrown_to_redsox
824541,2026-03-26,2ac79d52-4537-3d36-86ae-a467491230b7,3,21,3,Willson Contreras,Andrew Abbott,Changeup,84.1,called_strike,True,Groundout,"Willson Contreras grounds out, shortstop Elly De La Cruz to first baseman Sal Stewart.",0.0,-1.45,1.070186869982389,8,0.007885028636299918,1.8400155724985323,1.63,3.23,thrown_to_redsox
824541,2026-03-26,5ebab7cc-a75c-34d0-a61d-f7c2fe9501e2,3,21,4,Willson Contreras,Andrew Abbott,4-Seam Fastball,93.6,ball,False,Groundout,"Willson Contreras grounds out, shortstop Elly De La Cruz to first baseman Sal Stewart.",4.633264170624514,3.183264170624514,0.0,14,0.44416857601152726,1.243894652447957,1.63,3.23,thrown_to_redsox
824541,2026-03-26,6fd0b840-2235-30db-9ab1-f40f88c65c1e,3,21,5,Willson Contreras,Andrew Abbott,4-Seam Fastball,92.9,foul,True,Groundout,"Willson Contreras grounds out, shortstop Elly De La Cruz to first baseman Sal Stewart.",0.0,-1.45,0.16912879834678413,1,-0.28835502759159537,3.095072600137768,1.63,3.23,thrown_to_redsox
824541,2026-03-26,2208ece0-f057-3231-a832-0289dc2c7e55,3,21,6,Willson Contreras,Andrew Abbott,4-Seam Fastball,93.6,foul,True,Groundout,"Willson Contreras grounds out, shortstop Elly De La Cruz to first baseman Sal Stewart.",0.0,-1.45,1.3164663900076106,6,0.4774611341660324,2.6701660005555574,1.63,3.23,thrown_to_redsox
824541,2026-03-26,fa83e113-22c1-32d5-bdac-b787e8c1d49e,3,21,7,Willson Contreras,Andrew Abbott,4-Seam Fastball,94.2,hit_into_play,True,Groundout,"Willson Contreras grounds out, shortstop Elly De La Cruz to first baseman Sal Stewart.",0.0,-1.45,0.0,4,-0.6506467100735409,2.3699232607306984,1.63,3.23,thrown_to_redsox
824541,2026-03-26,8d1efef0-ccc8-36fc-bd87-20b105d46147,4,25,1,Caleb Durbin,Andrew Abbott,Curveball,78.4,ball,False,Flyout,Caleb Durbin flies out to right fielder Noelvi Marte.,4.184092930824151,2.7340929308241506,0.0,14,1.0566744109020125,1.4964791427323192,1.487,2.947,thrown_to_redsox
824541,2026-03-26,af040064-e932-3379-9c1e-075abecf865a,4,25,2,Caleb Durbin,Andrew Abbott,4-Seam Fastball,91.7,called_strike,True,Flyout,Caleb Durbin flies out to right fielder Noelvi Marte.,0.0,-1.45,0.0,4,-0.6267155146395833,2.1905053613435133,1.487,2.947,thrown_to_redsox
824541,2026-03-26,e9aeab20-7095-3fc5-9f4b-d5306de29c94,4,25,3,Caleb Durbin,Andrew Abbott,4-Seam Fastball,91.5,hit_into_play,True,Flyout,Caleb Durbin flies out to right fielder Noelvi Marte.,0.0,-1.45,3.419056181961441,7,-0.3022453181698799,1.9139616275964686,1.487,2.947,thrown_to_redsox
824541,2026-03-26,5690aee5-1f5b-3c49-82c5-8aed794af48c,4,26,1,Wilyer Abreu,Andrew Abbott,Curveball,81.0,called_strike,False,Groundout,"Wilyer Abreu grounds out, shortstop Elly De La Cruz to first baseman Sal Stewart.",1.927589772138683,0.477589772138683,0.0,13,-0.03209805780830699,1.412367518988443,1.573,3.117,thrown_to_redsox
824541,2026-03-26,cb08430c-6c4c-3d1d-925f-6298a10aecf7,4,26,2,Wilyer Abreu,Andrew Abbott,Sweeper,81.4,foul,True,Groundout,"Wilyer Abreu grounds out, shortstop Elly De La Cruz to first baseman Sal Stewart.",0.0,-1.45,0.0,4,-0.5950793994783066,2.326257550890613,1.573,3.117,thrown_to_redsox
824541,2026-03-26,2f61f487-8708-3204-97ee-8047f8ddd201,4,26,3,Wilyer Abreu,Andrew Abbott,4-Seam Fastball,92.9,hit_into_play,True,Groundout,"Wilyer Abreu grounds out, shortstop Elly De La Cruz to first baseman Sal Stewart.",0.0,-1.45,0.0,3,0.6406943723139817,2.8415544557579198,1.573,3.117,thrown_to_redsox
824541,2026-03-26,2193939d-7afe-3325-92d3-d40b9b378faf,4,27,1,Isiah Kiner-Falefa,Andrew Abbott,Curveball,80.3,called_strike,True,Groundout,"Isiah Kiner-Falefa grounds out, third baseman Ke'Bryan Hayes to first baseman Sal Stewart.",0.0,-1.45,4.573372720062138,5,-0.08508314315734555,2.078947726671845,1.577,3.125,thrown_to_redsox
824541,2026-03-26,5f5c8343-640d-31b3-a508-83010d37240b,4,27,2,Isiah Kiner-Falefa,Andrew Abbott,4-Seam Fastball,92.2,hit_into_play,True,Groundout,"Isiah Kiner-Falefa grounds out, third baseman Ke'Bryan Hayes to first baseman Sal Stewart.",0.0,-1.45,2.950102015158542,4,-0.34132483207012143,2.622823678000368,1.577,3.125,thrown_to_redsox
824541,2026-03-26,afc64d98-997b-3d41-a9d2-38f9c6dc57a2,5,31,1,Carlos Narváez,Andrew Abbott,4-Seam Fastball,92.3,called_strike,True,Pop Out,Carlos Narváez pops out to first baseman Sal Stewart in foul territory.,0.0,-1.45,3.0894917506405672,4,-0.3297090207799527,2.171578484386612,1.605,3.181,thrown_to_redsox
824541,2026-03-26,04720ac0-e129-378a-baa4-aab81e9b8c54,5,31,2,Carlos Narváez,Andrew Abbott,Curveball,79.8,foul,True,Pop Out,Carlos Narváez pops out to first baseman Sal Stewart in foul territory.,0.0,-1.45,6.454093279889485,5,-0.014784529541655544,2.2636744399907904,1.605,3.181,thrown_to_redsox
824541,2026-03-26,a0ffb4ee-1f3d-3182-85a5-e10be1b05f6a,5,31,3,Carlos Narváez,Andrew Abbott,4-Seam Fastball,92.9,hit_into_play,True,Pop Out,Carlos Narváez pops out to first baseman Sal Stewart in foul territory.,0.0,-1.45,2.554648607534469,7,-0.37427928270546085,1.993484354892089,1.605,3.181,thrown_to_redsox
824541,2026-03-26,a1545183-a8af-3e77-bf80-1207a214663b,5,32,1,Ceddanne Rafaela,Andrew Abbott,Changeup,85.3,swinging_strike,True,Single,Ceddanne Rafaela singles on a ground ball to second baseman Matt McLain.,0.0,-1.45,0.0,9,0.7014452598584955,1.6656593512040567,1.57,3.11,thrown_to_redsox
824541,2026-03-26,f3dd4c46-3d43-3a2d-aee0-88fe75bf44f0,5,32,2,Ceddanne Rafaela,Andrew Abbott,4-Seam Fastball,91.7,called_strike,True,Single,Ceddanne Rafaela singles on a ground ball to second baseman Matt McLain.,0.0,-1.45,0.0,4,-0.6188131154643006,2.194532244217892,1.57,3.11,thrown_to_redsox
824541,2026-03-26,dd407609-395d-367f-a0aa-66c8df119540,5,32,3,Ceddanne Rafaela,Andrew Abbott,4-Seam Fastball,92.8,hit_into_play,False,Single,Ceddanne Rafaela singles on a ground ball to second baseman Matt McLain.,5.835824872452175,4.385824872452174,0.0,12,1.1835619659627583,3.211718891033323,1.57,3.11,thrown_to_redsox
824541,2026-03-26,992d80c6-cda1-3bac-b468-0916894db268,5,33,1,Roman Anthony,Andrew Abbott,4-Seam Fastball,92.8,ball,False,Single,"Roman Anthony singles on a line drive to pitcher Andrew Abbott, deflected by first baseman Sal Stewart. Ceddanne Rafaela to 2nd.",10.054713224423505,8.604713224423506,0.0,13,-0.08319777639009684,0.8411072312980412,1.679,3.326,thrown_to_redsox
824541,2026-03-26,e8e409d1-3fed-3f61-89ea-12b845e26db2,5,33,2,Roman Anthony,Andrew Abbott,Sweeper,81.1,ball,False,Single,"Roman Anthony singles on a line drive to pitcher Andrew Abbott, deflected by first baseman Sal Stewart. Ceddanne Rafaela to 2nd.",3.940539850806112,2.490539850806112,0.0,13,-0.6286551705242811,1.3506216790994907,1.679,3.326,thrown_to_redsox
824541,2026-03-26,541d2759-2006-3164-8d9f-5179aa53f380,5,33,3,Roman Anthony,Andrew Abbott,Sweeper,81.4,foul,True,Single,"Roman Anthony singles on a line drive to pitcher Andrew Abbott, deflected by first baseman Sal Stewart. Ceddanne Rafaela to 2nd.",0.0,-1.45,0.0,8,-0.02708027841606242,1.6847237650391857,1.679,3.326,thrown_to_redsox
824541,2026-03-26,72c1f54c-bca1-38cc-93d8-02f7e7bc1e31,5,33,4,Roman Anthony,Andrew Abbott,4-Seam Fastball,92.2,ball,False,Single,"Roman Anthony singles on a line drive to pitcher Andrew Abbott, deflected by first baseman Sal Stewart. Ceddanne Rafaela to 2nd.",10.45984768561465,9.009847685614648,0.0,12,0.814177788905809,4.191162948343567,1.679,3.326,thrown_to_redsox
824541,2026-03-26,b8b6d683-c52e-3f69-a0c1-42ccca938862,5,33,5,Roman Anthony,Andrew Abbott,4-Seam Fastball,92.4,hit_into_play,False,Single,"Roman Anthony singles on a line drive to pitcher Andrew Abbott, deflected by first baseman Sal Stewart. Ceddanne Rafaela to 2nd.",1.5325969498787462,0.08259694987874616,0.0,12,0.560131153900441,3.4537164124898956,1.679,3.326,thrown_to_redsox
824541,2026-03-26,3a38d6fa-9580-355e-aa0a-1a2f31da1ef8,5,34,1,Trevor Story,Andrew Abbott,4-Seam Fastball,90.9,called_strike,True,Strikeout,Trevor Story called out on strikes.,0.0,-1.45,2.1983497793627116,4,-0.403970851719774,2.367833575499836,1.636,3.242,thrown_to_redsox
824541,2026-03-26,2e46aa52-98e6-3c80-86c6-bbdecd08c6c9,5,34,2,Trevor Story,Andrew Abbott,Changeup,85.0,foul,False,Strikeout,Trevor Story called out on strikes.,4.247091981470131,2.797091981470131,0.0,12,1.0619243317891776,2.5774077983109622,1.636,3.242,thrown_to_redsox
824541,2026-03-26,c1215526-dab3-3a17-90d9-5f6b81e455bf,5,34,3,Trevor Story,Andrew Abbott,4-Seam Fastball,93.5,ball,False,Strikeout,Trevor Story called out on strikes.,11.263733216960965,9.813733216960966,0.0,12,0.3111210730894962,4.180644434746747,1.636,3.242,thrown_to_redsox
824541,2026-03-26,09907f7d-4b5f-34a1-b5ed-b4b2c44c36e5,5,34,4,Trevor Story,Andrew Abbott,4-Seam Fastball,92.8,foul,False,Strikeout,Trevor Story called out on strikes.,5.078967506776772,3.628967506776772,0.0,12,0.2722815188870342,3.6652472922313977,1.636,3.242,thrown_to_redsox
824541,2026-03-26,63203d5d-b805-34e6-b156-f5db7c34a88a,5,34,5,Trevor Story,Andrew Abbott,4-Seam Fastball,92.9,called_strike,False,Strikeout,Trevor Story called out on strikes.,1.5013859087839379,0.05138590878393784,0.0,11,-0.3801655703293849,3.3671154923986615,1.636,3.242,thrown_to_redsox
824541,2026-03-26,d81765bc-a118-31bf-b309-b5ff950a6f7e,5,35,1,Jarren Duran,Andrew Abbott,4-Seam Fastball,93.8,called_strike,True,Strikeout,Jarren Duran strikes out swinging.,0.0,-1.45,4.082687157514746,5,-0.2469427368737711,2.5626717626700026,1.63,3.23,thrown_to_redsox
824541,2026-03-26,bf656908-bc7d-37b5-b29c-1f01e174dfc0,5,35,2,Jarren Duran,Andrew Abbott,Curveball,82.1,swinging_strike,True,Strikeout,Jarren Duran strikes out swinging.,0.0,-1.45,2.5654689429264703,4,-0.37337758808946075,2.5639786699990745,1.63,3.23,thrown_to_redsox
824541,2026-03-26,4f0ace5b-4282-332e-adc6-d203269ba163,5,35,3,Jarren Duran,Andrew Abbott,Curveball,83.1,swinging_strike,True,Strikeout,Jarren Duran strikes out swinging.,0.0,-1.45,2.597131859268651,2,-0.04951139892561196,2.8927390117276124,1.63,3.23,thrown_to_redsox
824541,2026-03-26,84569168-ffd9-31e7-811f-ed2658099d1a,6,40,1,Willson Contreras,Andrew Abbott,Curveball,78.3,called_strike,True,Pop Out,Willson Contreras pops out to shortstop Elly De La Cruz.,0.0,-1.45,0.0,6,0.6468841083417853,2.2820987268392656,1.63,3.23,thrown_to_redsox
824541,2026-03-26,ea6045dd-7c01-3196-975e-4d6893f81b6d,6,40,2,Willson Contreras,Andrew Abbott,Changeup,85.6,ball,False,Pop Out,Willson Contreras pops out to shortstop Elly De La Cruz.,11.998021510584302,10.5480215105843,0.0,14,0.9844710032120432,0.6691493022688428,1.63,3.23,thrown_to_redsox
824541,2026-03-26,83fd8c25-25ea-3ea7-a1bf-065e0a3de3f7,6,40,3,Willson Contreras,Andrew Abbott,4-Seam Fastball,92.7,hit_into_play,True,Pop Out,Willson Contreras pops out to shortstop Elly De La Cruz.,0.0,-1.45,0.0,3,0.6100912775150835,2.8326970789743178,1.63,3.23,thrown_to_redsox
824541,2026-03-26,060b8c6c-aca6-33b2-a5f3-58b983bb66aa,6,41,1,Caleb Durbin,Andrew Abbott,Changeup,83.8,ball,False,Groundout,"Caleb Durbin grounds out, second baseman Matt McLain to first baseman Sal Stewart.",9.74352521638117,8.293525216381171,0.0,12,1.3213613925146428,3.47904092858366,1.487,2.947,thrown_to_redsox
824541,2026-03-26,5a9dcfda-713a-34e7-b1b1-39fc54610932,6,41,2,Caleb Durbin,Andrew Abbott,4-Seam Fastball,92.0,ball,False,Groundout,"Caleb Durbin grounds out, second baseman Matt McLain to first baseman Sal Stewart.",2.962161923819113,1.5121619238191124,0.0,11,-0.9321373981839751,3.0504204173644847,1.487,2.947,thrown_to_redsox
824541,2026-03-26,5fcd9257-bcea-3cf8-87ed-7a06574d2387,6,41,3,Caleb Durbin,Andrew Abbott,4-Seam Fastball,92.8,called_strike,True,Groundout,"Caleb Durbin grounds out, second baseman Matt McLain to first baseman Sal Stewart.",0.0,-1.45,0.0,6,0.7056035814806418,2.1914281737040167,1.487,2.947,thrown_to_redsox
824541,2026-03-26,88319066-ca06-3717-b60c-a1405968b985,6,41,4,Caleb Durbin,Andrew Abbott,Changeup,85.1,swinging_strike,False,Groundout,"Caleb Durbin grounds out, second baseman Matt McLain to first baseman Sal Stewart.",4.245869898872426,2.795869898872426,0.0,14,1.0618224915727021,2.1456355457234144,1.487,2.947,thrown_to_redsox
824541,2026-03-26,7a34322c-a560-3968-b506-f4667503ac73,6,41,5,Caleb Durbin,Andrew Abbott,4-Seam Fastball,93.2,hit_into_play,False,Groundout,"Caleb Durbin grounds out, second baseman Matt McLain to first baseman Sal Stewart.",4.347408264360713,2.8974082643607124,0.0,12,0.5778976827232767,3.3092840220300594,1.487,2.947,thrown_to_redsox
824541,2026-03-26,815e0a33-c845-3685-81f2-a060718f194d,6,42,1,Wilyer Abreu,Andrew Abbott,4-Seam Fastball,93.0,ball,False,Strikeout,Wilyer Abreu strikes out swinging.,12.78626296422112,11.33626296422112,0.0,12,0.12684146739690183,4.182521913685093,1.573,3.117,thrown_to_redsox
824541,2026-03-26,65b19621-331a-39f1-aeaf-da10efc06841,6,42,2,Wilyer Abreu,Andrew Abbott,4-Seam Fastball,92.3,foul,True,Strikeout,Wilyer Abreu strikes out swinging.,0.0,-1.45,0.0,1,-0.29911252882303163,3.0775281121841256,1.573,3.117,thrown_to_redsox
824541,2026-03-26,f2f51fe5-9149-3a4f-bd8c-d890ce4f1eea,6,42,3,Wilyer Abreu,Andrew Abbott,Curveball,81.7,foul,True,Strikeout,Wilyer Abreu strikes out swinging.,0.0,-1.45,2.865000185992307,2,-0.12663722409495604,2.7574166511673077,1.573,3.117,thrown_to_redsox
824541,2026-03-26,9a0e63d7-0b7e-376e-bb6e-0033cb1d1bfe,6,42,4,Wilyer Abreu,Andrew Abbott,Sweeper,83.2,swinging_strike,False,Strikeout,Wilyer Abreu strikes out swinging.,4.777068912596251,3.3270689125962507,0.0,13,-0.1608923209413411,1.1749109239503124,1.573,3.117,thrown_to_redsox
824541,2026-03-26,d1819ae6-5f35-3a98-abc8-74b46451d5e9,7,49,1,Marcelo Mayer,Pierce Johnson,Curveball,86.9,ball,False,Double,Marcelo Mayer doubles (1) on a sharp line drive to left fielder Spencer Steer.,2.6845840602531563,1.2345840602531564,0.0,11,-0.8763904847327209,3.4892861068346783,1.687,3.342,thrown_to_redsox
824541,2026-03-26,6b379959-2e0f-3d30-acbc-89594c8b3e83,7,49,2,Marcelo Mayer,Pierce Johnson,4-Seam Fastball,95.5,hit_into_play,True,Double,Marcelo Mayer doubles (1) on a sharp line drive to left fielder Spencer Steer.,0.0,-1.45,0.8593142501184847,2,0.01980031862971532,3.1495571458234597,1.687,3.342,thrown_to_redsox
824541,2026-03-26,e488e1ff-69a3-3f85-9e70-7f22823f4962,7,50,1,Carlos Narváez,Pierce Johnson,Curveball,87.4,hit_into_play,True,Sac Bunt,"Carlos Narváez out on a sacrifice bunt, third baseman Ke'Bryan Hayes to first baseman Sal Stewart. Marcelo Mayer to 3rd.",0.0,-1.45,4.424086670881962,5,-0.21849277742650308,2.5495207299262512,1.605,3.181,thrown_to_redsox
824541,2026-03-26,dd6ecda7-6549-3785-b5d0-346d2302ad95,7,51,1,Ceddanne Rafaela,Pierce Johnson,Curveball,87.8,swinging_strike,False,Single,Ceddanne Rafaela singles on a line drive to center fielder TJ Friedl. Marcelo Mayer scores.,3.2366351690993893,1.7866351690993891,0.0,14,0.9777195974249491,1.6410695757519607,1.57,3.11,thrown_to_redsox
824541,2026-03-26,f62873a3-6491-330c-b739-fee4077876ab,7,51,2,Ceddanne Rafaela,Pierce Johnson,Curveball,88.0,ball,False,Single,Ceddanne Rafaela singles on a line drive to center fielder TJ Friedl. Marcelo Mayer scores.,13.113049696031169,11.66304969603117,0.0,14,1.4730958024595107,0.7897820647628864,1.57,3.11,thrown_to_redsox
824541,2026-03-26,57d5f7df-7870-3715-902b-fa03a287a42a,7,51,3,Ceddanne Rafaela,Pierce Johnson,4-Seam Fastball,96.1,foul,True,Single,Ceddanne Rafaela singles on a line drive to center fielder TJ Friedl. Marcelo Mayer scores.,0.0,-1.45,5.063180903839698,5,-0.1652349246800251,2.2438270226664216,1.57,3.11,thrown_to_redsox
824541,2026-03-26,6152667e-91d3-3d92-b316-f3209fc6eff8,7,51,4,Ceddanne Rafaela,Pierce Johnson,Curveball,87.6,foul,True,Single,Ceddanne Rafaela singles on a line drive to center fielder TJ Friedl. Marcelo Mayer scores.,0.0,-1.45,3.6940328257801776,4,-0.2793305978516518,2.4843832658313394,1.57,3.11,thrown_to_redsox
824541,2026-03-26,f3190c5b-d6ea-304a-94bd-a83e5e4ab9c9,7,51,5,Ceddanne Rafaela,Pierce Johnson,4-Seam Fastball,95.7,ball,False,Single,Ceddanne Rafaela singles on a line drive to center fielder TJ Friedl. Marcelo Mayer scores.,13.596632398977436,12.146632398977435,0.0,11,-0.6593170954040642,4.243052699914786,1.57,3.11,thrown_to_redsox
824541,2026-03-26,2e648373-f555-3b8f-911c-0dc8b3c2bd57,7,51,6,Ceddanne Rafaela,Pierce Johnson,4-Seam Fastball,95.4,hit_into_play,False,Single,Ceddanne Rafaela singles on a line drive to center fielder TJ Friedl. Marcelo Mayer scores.,9.453674792811478,8.003674792811477,0.0,11,-0.0327894648015038,3.8978062327342897,1.57,3.11,thrown_to_redsox
824541,2026-03-26,2a694afe-851d-305f-a812-7626424acb1c,7,52,1,Roman Anthony,Sam Moll,Sinker,91.6,called_strike,True,Strikeout,Roman Anthony strikes out swinging.,0.0,-1.45,4.808754120141472,5,0.1017613213022115,2.2005628433451228,1.679,3.326,thrown_to_redsox
824541,2026-03-26,1148b4eb-8e2b-3243-96a4-21fbcc886e2d,7,52,2,Roman Anthony,Sam Moll,Sweeper,81.0,called_strike,True,Strikeout,Roman Anthony strikes out swinging.,0.0,-1.45,0.0,8,0.213553652788248,1.7459456546687382,1.679,3.326,thrown_to_redsox
824541,2026-03-26,c936326d-5a8b-3222-8852-fd83542c6a7f,7,52,3,Roman Anthony,Sam Moll,Sweeper,81.4,swinging_strike,False,Strikeout,Roman Anthony strikes out swinging.,2.301778852000255,0.8517788520002549,0.0,13,-0.8998149043333545,2.077242412592968,1.679,3.326,thrown_to_redsox
824541,2026-03-26,2c0c77c7-acf3-39fe-ae01-a3c3d3aaed89,7,53,1,Trevor Story,Sam Moll,Sweeper,82.7,swinging_strike,False,Forceout,"Trevor Story grounds into a force out, fielded by second baseman Matt McLain. Ceddanne Rafaela out at 2nd.",14.96089719524554,13.510897195245539,0.0,13,-1.9547414329371282,2.104036475188298,1.636,3.242,thrown_to_redsox
824541,2026-03-26,d993b589-1d2b-35c5-9eb6-5a682987c096,7,53,2,Trevor Story,Sam Moll,4-Seam Fastball,94.2,hit_into_play,True,Forceout,"Trevor Story grounds into a force out, fielded by second baseman Matt McLain. Ceddanne Rafaela out at 2nd.",0.0,-1.45,0.0,7,-0.7056821544923957,1.9565323519657563,1.636,3.242,thrown_to_redsox
824541,2026-03-26,0677f993-267a-327a-a617-8978610878ad,8,58,1,Jarren Duran,Sam Moll,Sweeper,80.2,hit_into_play,True,Groundout,"Jarren Duran grounds out, shortstop Elly De La Cruz to first baseman Sal Stewart.",0.0,-1.45,3.025781278169185,1,-0.28419103105385424,2.8570182268192346,1.63,3.23,thrown_to_redsox
824541,2026-03-26,6a000594-25e5-311a-b5c2-a16945f9e24a,8,59,1,Willson Contreras,Graham Ashcraft,Slider,92.8,ball,False,Strikeout,Willson Contreras strikes out swinging.,3.0713390934879037,1.6213390934879035,0.0,14,0.9639449244573253,1.6655115311481294,1.63,3.23,thrown_to_redsox
824541,2026-03-26,30ee67e4-3a86-3a61-a3a8-c51bba3a8600,8,59,2,Willson Contreras,Graham Ashcraft,Slider,93.3,swinging_strike,True,Strikeout,Willson Contreras strikes out swinging.,0.6832738460155845,-0.7667261539844155,0.0,2,0.10270545994176211,3.2869394871679654,1.63,3.23,thrown_to_redsox
824541,2026-03-26,d3072bb3-9b39-3ae5-aa99-0d2a5448b7e7,8,59,3,Willson Contreras,Graham Ashcraft,Cutter,99.8,swinging_strike,False,Strikeout,Willson Contreras strikes out swinging.,5.3305529738373725,3.8805529738373723,0.0,11,-0.4804440714366003,3.674212747819781,1.63,3.23,thrown_to_redsox
824541,2026-03-26,9d06f914-7455-3709-a3da-1df62799c860,8,59,4,Willson Contreras,Graham Ashcraft,Cutter,100.6,swinging_strike,True,Strikeout,Willson Contreras strikes out swinging.,0.0,-1.45,0.0,3,0.6702614266171114,2.974407632975674,1.63,3.23,thrown_to_redsox
824541,2026-03-26,3f5ccb5d-2e01-37f4-92e9-627f2a8f942d,8,60,1,Caleb Durbin,Graham Ashcraft,Slider,94.6,called_strike,True,Walk,Caleb Durbin walks.,0.0,-1.45,1.5412612714202862,4,-0.45872822738164276,2.448908191054562,1.487,2.947,thrown_to_redsox
824541,2026-03-26,7459f4a7-f5bf-334d-b1f9-ed322a8a8e5e,8,60,2,Caleb Durbin,Graham Ashcraft,Slider,94.3,ball,False,Walk,Caleb Durbin walks.,5.1699238700115275,3.7199238700115274,0.0,14,0.8957560235392258,1.0992377400777888,1.487,2.947,thrown_to_redsox
824541,2026-03-26,7f49dda5-dccc-3fa4-877f-94a352853885,8,60,3,Caleb Durbin,Graham Ashcraft,Cutter,99.7,foul,True,Walk,Caleb Durbin walks.,0.0,-1.45,0.5544194597895336,6,0.5409650450175388,2.0058706186302224,1.487,2.947,thrown_to_redsox
824541,2026-03-26,968fa9bf-e3db-3c6c-af99-1d159160f4d9,8,60,4,Caleb Durbin,Graham Ashcraft,Cutter,101.5,ball,False,Walk,Caleb Durbin walks.,18.516148667163275,17.066148667163276,0.0,12,0.27444650780717283,4.490012388930273,1.487,2.947,thrown_to_redsox
824541,2026-03-26,db2d458a-4e6e-3b18-91c1-21878c228b3a,8,60,5,Caleb Durbin,Graham Ashcraft,Slider,94.7,ball,False,Walk,Caleb Durbin walks.,3.786471745354355,2.3364717453543546,0.0,12,0.6994766303646316,3.262539312112863,1.487,2.947,thrown_to_redsox
824541,2026-03-26,7a167c69-d711-3cc7-9ba5-734ae16dc7a0,8,60,6,Caleb Durbin,Graham Ashcraft,Cutter,99.4,ball,False,Walk,Caleb Durbin walks.,2.660351088241229,1.210351088241229,0.0,11,-0.9296959240201024,2.332680761819345,1.487,2.947,thrown_to_redsox
824541,2026-03-26,83c149dc-566c-3618-88b3-cde74271e022,8,61,1,Wilyer Abreu,Graham Ashcraft,Cutter,98.5,ball,False,Groundout,"Wilyer Abreu grounds out, second baseman Matt McLain to first baseman Sal Stewart.",20.12595687014751,18.67595687014751,0.0,11,-0.11182882846220649,4.794163072512292,1.573,3.117,thrown_to_redsox
824541,2026-03-26,864f1410-ca97-3241-b973-61ae8f46ae84,8,61,2,Wilyer Abreu,Graham Ashcraft,Cutter,98.3,foul,True,Groundout,"Wilyer Abreu grounds out, second baseman Matt McLain to first baseman Sal Stewart.",0.0,-1.45,0.0,3,0.6140160701670019,2.997587155175417,1.573,3.117,thrown_to_redsox
824541,2026-03-26,7a25c5bf-90b6-3641-99fe-487c803b1afd,8,61,3,Wilyer Abreu,Graham Ashcraft,Cutter,98.7,ball,False,Groundout,"Wilyer Abreu grounds out, second baseman Matt McLain to first baseman Sal Stewart.",18.043701195407984,16.59370119540798,0.0,11,-1.0122339729736063,4.589542105001537,1.573,3.117,thrown_to_redsox
824541,2026-03-26,518d03d5-0ad8-347c-a33b-472155c6ff6a,8,61,4,Wilyer Abreu,Graham Ashcraft,Cutter,98.9,hit_into_play,True,Groundout,"Wilyer Abreu grounds out, second baseman Matt McLain to first baseman Sal Stewart.",0.0,-1.45,0.449829478165751,8,0.2523051093322146,1.7313191231804792,1.573,3.117,thrown_to_redsox
824541,2026-03-26,d5f20879-c220-38e3-afee-d1cb672b57e7,9,66,1,Marcelo Mayer,Connor Phillips,Sweeper,85.9,called_strike,True,Single,Marcelo Mayer singles on a ground ball to left fielder Spencer Steer.,0.0,-1.45,0.0,7,-0.643996726151628,1.9870360366267281,1.687,3.342,thrown_to_redsox
824541,2026-03-26,bf2df8a7-37d6-3e37-ba10-5f8555f88630,9,66,2,Marcelo Mayer,Connor Phillips,Sweeper,86.0,ball,True,Single,Marcelo Mayer singles on a ground ball to left fielder Spencer Steer.,0.9345555745915011,-0.5154444254084989,0.0,1,-0.5490669202248557,3.4198796312159585,1.687,3.342,thrown_to_redsox
824541,2026-03-26,4a001463-a8e8-33ee-ab83-975cbaaad104,9,66,3,Marcelo Mayer,Connor Phillips,4-Seam Fastball,98.7,hit_into_play,True,Single,Marcelo Mayer singles on a ground ball to left fielder Spencer Steer.,0.0,-1.45,0.5425110703272666,4,-0.5419574108060611,2.314350539462681,1.687,3.342,thrown_to_redsox
824541,2026-03-26,7a09f7ef-fe35-3eba-871c-8d8667806a19,9,67,1,Carlos Narváez,Connor Phillips,Sweeper,86.8,ball,False,Strikeout,Carlos Narváez strikes out swinging.,5.001076426398319,3.5510764263983186,0.0,14,0.35024983264549836,1.1882436311334734,1.605,3.181,thrown_to_redsox
824541,2026-03-26,779237a9-9f02-3f89-8367-a18a57e72070,9,67,2,Carlos Narváez,Connor Phillips,Sweeper,87.1,called_strike,True,Strikeout,Carlos Narváez strikes out swinging.,0.5665683479548527,-0.8834316520451473,0.0,9,0.7552140289962377,2.0490852081902378,1.605,3.181,thrown_to_redsox
824541,2026-03-26,380c0588-2768-306b-b40b-5491a2f8e1b0,9,67,3,Carlos Narváez,Connor Phillips,Sweeper,86.9,swinging_strike,True,Strikeout,Carlos Narváez strikes out swinging.,0.0,-1.45,4.1293432991906664,2,0.19674023678853358,2.7160547250674445,1.605,3.181,thrown_to_redsox
824541,2026-03-26,cee79d2a-ca06-3d71-84b7-88df5a6701aa,9,67,4,Carlos Narváez,Connor Phillips,Sweeper,87.4,swinging_strike,False,Strikeout,Carlos Narváez strikes out swinging.,1.8691936851406172,0.4191936851406172,0.0,14,0.22484099860978635,1.4492338595716152,1.605,3.181,thrown_to_redsox
824541,2026-03-26,b0d7e88a-43ba-37ba-b940-15b07848101a,9,68,1,Ceddanne Rafaela,Connor Phillips,Sweeper,86.4,hit_into_play,True,Flyout,Ceddanne Rafaela flies out to left fielder Spencer Steer.,0.0,-1.45,2.4676188923967057,7,-0.3296740282084736,1.8964682410330589,1.57,3.11,thrown_to_redsox
824541,2026-03-26,1a078a42-68a7-3445-8013-c8c9dd2362f0,9,69,1,Roman Anthony,Connor Phillips,4-Seam Fastball,98.3,ball,False,Walk,"Roman Anthony challenged (pitch result), call on the field was overturned: Roman Anthony walks. Marcelo Mayer to 2nd.",7.2972881491533315,5.84728814915333,0.0,14,1.3144158047358587,1.633674336880624,1.679,3.326,thrown_to_redsox
824541,2026-03-26,94234fe5-339a-3d64-8e8c-3e44c8d5b37d,9,69,2,Roman Anthony,Connor Phillips,Sweeper,87.8,ball,False,Walk,"Roman Anthony challenged (pitch result), call on the field was overturned: Roman Anthony walks. Marcelo Mayer to 2nd.",5.031499270288908,3.5814992702889077,0.0,14,1.11906422187502,1.5963461662306635,1.679,3.326,thrown_to_redsox
824541,2026-03-26,3da5bd79-d13a-3329-b1bd-6af4a992dfb7,9,69,3,Roman Anthony,Connor Phillips,Sweeper,86.6,called_strike,True,Walk,"Roman Anthony challenged (pitch result), call on the field was overturned: Roman Anthony walks. Marcelo Mayer to 2nd.",0.0,-1.45,1.151113848227664,1,-0.49124051264769464,3.0484853545996877,1.679,3.326,thrown_to_redsox
824541,2026-03-26,7fafdfd7-6282-3628-aaad-af049bd1d3cb,9,69,4,Roman Anthony,Connor Phillips,4-Seam Fastball,98.5,ball,False,Walk,"Roman Anthony challenged (pitch result), call on the field was overturned: Roman Anthony walks. Marcelo Mayer to 2nd.",15.29018360940492,13.84018360940492,0.0,14,1.7831924238267691,0.9952595975654832,1.679,3.326,thrown_to_redsox
824541,2026-03-26,6e667338-2e56-34bb-b297-c3a972330d95,9,69,5,Roman Anthony,Connor Phillips,Sweeper,85.7,called_strike,True,Walk,"Roman Anthony challenged (pitch result), call on the field was overturned: Roman Anthony walks. Marcelo Mayer to 2nd.",0.0,-1.45,2.33295806829664,1,-0.36384356734921597,3.0107534943086134,1.679,3.326,thrown_to_redsox
824541,2026-03-26,b9f8efd1-7ad6-332e-8938-ac4c96bcc4e6,9,69,6,Roman Anthony,Connor Phillips,Sweeper,85.8,ball,False,Walk,"Roman Anthony challenged (pitch result), call on the field was overturned: Roman Anthony walks. Marcelo Mayer to 2nd.",2.300068043859917,0.8500680438599171,0.0,14,0.32632334131601937,1.4873276630116736,1.679,3.326,thrown_to_redsox
824541,2026-03-26,70f04c07-de46-3d8e-9ccf-d4e025d35e60,9,70,1,Trevor Story,Connor Phillips,Sweeper,86.4,called_strike,False,Single,Trevor Story singles on a line drive to left fielder Spencer Steer. Marcelo Mayer scores. Roman Anthony to 2nd.,1.7799686463377826,0.3299686463377826,0.0,14,0.8563307205281485,2.0959201373888376,1.636,3.242,thrown_to_redsox
824541,2026-03-26,9648760e-e62a-3250-983b-84176cb3da12,9,70,2,Trevor Story,Connor Phillips,Sweeper,85.6,hit_into_play,True,Single,Trevor Story singles on a line drive to left fielder Spencer Steer. Marcelo Mayer scores. Roman Anthony to 2nd.,0.7131419201003171,-0.7368580798996829,0.0,9,0.6722290307537531,1.5765715066583068,1.636,3.242,thrown_to_redsox
824541,2026-03-26,6c659f1b-ded7-30f0-853e-0da9054e1140,9,71,1,Jarren Duran,Brock Burke,Sinker,94.5,hit_into_play,False,Single,Jarren Duran singles on a line drive to right fielder Will Benson. Roman Anthony scores. Trevor Story to 3rd.,3.013487676317278,1.563487676317278,0.0,12,0.9591239730264398,3.0714017495309442,1.63,3.23,thrown_to_redsox
824541,2026-03-26,be5f10ef-a3ce-38f1-b701-4863c568b9f3,9,72,1,Willson Contreras,Brock Burke,Slider,86.2,ball,False,Pop Out,Willson Contreras pops out to catcher Tyler Stephenson in foul territory.,3.452326856573565,2.002326856573565,0.0,12,0.11985966420802718,3.5176939047144637,1.63,3.23,thrown_to_redsox
824541,2026-03-26,94d6744f-510b-3bb1-b690-a12a110f0dd3,9,72,2,Willson Contreras,Brock Burke,4-Seam Fastball,94.7,hit_into_play,True,Pop Out,Willson Contreras pops out to catcher Tyler Stephenson in foul territory.,0.0,-1.45,0.468576420450826,1,-0.4107035648983359,3.070118631629098,1.63,3.23,thrown_to_redsox
824540,2026-03-28,c52e5eb0-694c-3d60-a976-673e1210adda,1,1,1,Roman Anthony,Brady Singer,Sinker,90.6,hit_into_play,True,Groundout,"Roman Anthony grounds out, second baseman Matt McLain to first baseman Sal Stewart.",0.25380903662652177,-1.1961909633734782,0.0,4,-0.7291507530522101,2.666706963209717,1.679,3.326,thrown_to_redsox
824540,2026-03-28,e57eb935-cde5-3bb1-8bf5-ca774bdd46f1,1,2,1,Trevor Story,Brady Singer,Sinker,91.9,ball,False,Strikeout,Trevor Story strikes out swinging.,4.751013635586415,3.301013635586415,0.0,14,0.8497813567248175,1.266339407577267,1.636,3.242,thrown_to_redsox
824540,2026-03-28,c959d149-b52d-30f0-9ada-b203619d9f03,1,2,2,Trevor Story,Brady Singer,Sinker,91.8,called_strike,True,Strikeout,Trevor Story strikes out swinging.,0.8651330840550941,-0.5848669159449058,0.0,9,0.7800944236712578,1.644157956779968,1.636,3.242,thrown_to_redsox
824540,2026-03-28,12eeb7a1-db83-333e-b4cd-7881aaaee0cc,1,2,3,Trevor Story,Brady Singer,Sweeper,82.0,ball,False,Strikeout,Trevor Story strikes out swinging.,17.40748457377564,15.957484573775641,0.0,14,1.740397382397328,0.6169490661234445,1.636,3.242,thrown_to_redsox
824540,2026-03-28,02759eef-b681-3d20-863f-c054109a0053,1,2,4,Trevor Story,Brady Singer,Cutter,86.4,foul,False,Strikeout,Trevor Story strikes out swinging.,3.1786475185610517,1.7286475185610515,0.0,14,0.9728872932134209,2.1597222478679354,1.636,3.242,thrown_to_redsox
824540,2026-03-28,4c9db5cd-0dcd-3a55-a47d-6ca938d6e274,1,2,5,Trevor Story,Brady Singer,Sinker,90.7,ball,False,Strikeout,Trevor Story strikes out swinging.,10.343353729316501,8.893353729316502,0.0,14,1.5699461441097085,2.0419037876932187,1.636,3.242,thrown_to_redsox
824540,2026-03-28,0266d203-ed97-36e1-8d0b-00d67fa86240,1,2,6,Trevor Story,Brady Singer,Sinker,90.8,swinging_strike,False,Strikeout,Trevor Story strikes out swinging.,7.147218922940075,5.697218922940075,0.0,11,-0.23891213259501654,3.837601576911673,1.636,3.242,thrown_to_redsox
824540,2026-03-28,43047a3f-135f-3eec-bc27-d947c59d2e1b,1,3,1,Jarren Duran,Brady Singer,Sinker,91.4,ball,False,Hit By Pitch,Jarren Duran hit by pitch.,2.680715710539438,1.2307157105394382,0.0,14,0.9310676105583917,1.6179474985365534,1.63,3.23,thrown_to_redsox
824540,2026-03-28,628398c8-e514-38a2-9eea-297900558863,1,3,2,Jarren Duran,Brady Singer,Cutter,88.3,hit_by_pitch,False,Hit By Pitch,Jarren Duran hit by pitch.,28.405161883433752,26.955161883433753,0.0,14,2.59660288275133,0.20300086767622894,1.63,3.23,thrown_to_redsox
824540,2026-03-28,e1c73e63-b575-3160-9037-7feab2ffe0c7,1,4,1,Willson Contreras,Brady Singer,Cutter,85.5,ball,False,Walk,Willson Contreras walks.,10.141601325312875,8.691601325312874,0.0,14,1.5530266789760556,1.6165668467029217,1.63,3.23,thrown_to_redsox
824540,2026-03-28,cdb42447-d59e-3542-a247-7532abfa8e7d,1,4,2,Willson Contreras,Brady Singer,Sweeper,80.2,ball,False,Walk,Willson Contreras walks.,12.472725779993944,11.022725779993943,0.0,14,1.577521289489424,1.0605509418886934,1.63,3.23,thrown_to_redsox
824540,2026-03-28,f25e341c-2dd9-3b5e-81b2-7879ccc0ca02,1,4,3,Willson Contreras,Brady Singer,Sweeper,79.5,ball,False,Walk,Willson Contreras walks.,9.861980382541796,8.411980382541795,0.0,14,1.5298316985451497,1.7770633628707118,1.63,3.23,thrown_to_redsox
824540,2026-03-28,482ca626-bebc-3f1b-9d35-b66761db241d,1,4,4,Willson Contreras,Brady Singer,Sinker,89.8,called_strike,True,Walk,Willson Contreras walks.,0.0,-1.45,3.939153399832662,5,-0.2589038833472781,2.295518114302236,1.63,3.23,thrown_to_redsox
824540,2026-03-28,cb47cee2-4aab-3f6c-ac05-7fc3de30e3af,1,4,5,Willson Contreras,Brady Singer,Sweeper,80.8,swinging_strike,True,Walk,Willson Contreras walks.,0.0,-1.45,0.0,8,-0.09040184118618644,1.690947152283512,1.63,3.23,thrown_to_redsox
824540,2026-03-28,41868d20-c864-3112-b657-0f047848ceb7,1,4,6,Willson Contreras,Brady Singer,Sweeper,81.8,ball,False,Walk,Willson Contreras walks.,11.115811319321182,9.665811319321183,0.0,14,0.14564490007292896,0.7036823900565681,1.63,3.23,thrown_to_redsox
824540,2026-03-28,838dc201-baad-3b8f-ab12-c080384f0d15,1,5,1,Wilyer Abreu,Brady Singer,Sinker,89.9,hit_into_play,True,Lineout,Wilyer Abreu lines out to third baseman Ke'Bryan Hayes.,0.0,-1.45,0.0,6,0.6196034622963034,2.543699012666666,1.573,3.117,thrown_to_redsox
824540,2026-03-28,6df0e90f-42de-3e73-9364-5076262c5dab,2,13,1,Caleb Durbin,Brady Singer,Sinker,89.7,called_strike,True,Groundout,"Caleb Durbin grounds out, shortstop Elly De La Cruz to first baseman Sal Stewart.",0.0,-1.45,0.3331705453379847,2,-0.25309021369946416,2.798402454555168,1.487,2.947,thrown_to_redsox
824540,2026-03-28,edc41e76-da63-3d7c-bd16-eac2de6dde0a,2,13,2,Caleb Durbin,Brady Singer,Sweeper,80.3,ball,False,Groundout,"Caleb Durbin grounds out, shortstop Elly De La Cruz to first baseman Sal Stewart.",2.629617734099984,1.179617734099984,0.0,14,0.2702035199532815,1.2678651888250014,1.487,2.947,thrown_to_redsox
824540,2026-03-28,ebfa7195-b2db-3036-b4ae-87ba03f3b7e6,2,13,3,Caleb Durbin,Brady Singer,Sinker,90.5,hit_into_play,True,Groundout,"Caleb Durbin grounds out, shortstop Elly De La Cruz to first baseman Sal Stewart.",0.0,-1.45,3.549036111745772,4,-0.29141365735451896,2.214353786745556,1.487,2.947,thrown_to_redsox
824540,2026-03-28,b0f791a7-5a52-3154-bae1-b33849b34d1f,2,14,1,Marcelo Mayer,Brady Singer,Sweeper,80.4,ball,False,Double,Marcelo Mayer doubles (2) on a sharp line drive to center fielder TJ Friedl.,10.724821976894276,9.274821976894277,0.0,14,0.5064466189185244,0.7932648352588103,1.687,3.342,thrown_to_redsox
824540,2026-03-28,0675854b-ff10-3129-a949-d739142fb0ea,2,14,2,Marcelo Mayer,Brady Singer,Sinker,90.5,called_strike,True,Double,Marcelo Mayer doubles (2) on a sharp line drive to center fielder TJ Friedl.,0.0,-1.45,3.0148028833887848,2,0.266412496832511,2.9699330930509347,1.687,3.342,thrown_to_redsox
824540,2026-03-28,2cb462fb-39fe-3573-95f9-566a909aac8d,2,14,3,Marcelo Mayer,Brady Singer,Sinker,89.8,ball,False,Double,Marcelo Mayer doubles (2) on a sharp line drive to center fielder TJ Friedl.,4.465303119910324,3.0153031199103237,0.0,12,1.0801085933258603,2.5259678774471688,1.687,3.342,thrown_to_redsox
824540,2026-03-28,f2fd5525-f053-39ef-a73a-0575f24f9ee4,2,14,4,Marcelo Mayer,Brady Singer,Cutter,85.4,swinging_strike,False,Double,Marcelo Mayer doubles (2) on a sharp line drive to center fielder TJ Friedl.,8.207273891217255,6.757273891217256,0.0,14,1.3919394909347713,2.283005934994999,1.687,3.342,thrown_to_redsox
824540,2026-03-28,7a5c237a-5445-30ad-8b3a-9d8b5434191a,2,14,5,Marcelo Mayer,Brady Singer,Sinker,91.0,foul,False,Double,Marcelo Mayer doubles (2) on a sharp line drive to center fielder TJ Friedl.,1.7194144978872539,0.26941449788725386,0.0,11,-0.7788502498427161,3.4665419685383103,1.687,3.342,thrown_to_redsox
824540,2026-03-28,95edb0a8-4f56-3954-be0f-a1fd72f6a144,2,14,6,Marcelo Mayer,Brady Singer,Sinker,91.4,hit_into_play,True,Double,Marcelo Mayer doubles (2) on a sharp line drive to center fielder TJ Friedl.,0.0,-1.45,1.8544980169587157,1,-0.4326251652534403,2.888825910531481,1.687,3.342,thrown_to_redsox
824540,2026-03-28,e442ad8d-d397-3b9a-8d33-56cf142b9e98,2,15,1,Carlos Narváez,Brady Singer,Sinker,89.5,hit_into_play,True,Groundout,"Carlos Narváez grounds out, second baseman Matt McLain to first baseman Sal Stewart. Marcelo Mayer to 3rd.",0.7501448062689704,-0.6998551937310296,0.0,4,-0.7705120671890808,2.649207973407856,1.605,3.181,thrown_to_redsox
824540,2026-03-28,08c62b26-d2bc-35bb-9f42-56a914173719,2,16,1,Ceddanne Rafaela,Brady Singer,Sinker,91.6,called_strike,True,Groundout,"Ceddanne Rafaela grounds out, first baseman Sal Stewart to pitcher Brady Singer.",0.0,-1.45,2.1404886978436792,9,0.340202223854392,1.8692073914869733,1.57,3.11,thrown_to_redsox
824540,2026-03-28,6c222290-7722-3e5a-bd29-669fb1b6122b,2,16,2,Ceddanne Rafaela,Brady Singer,Sweeper,82.2,blocked_ball,False,Groundout,"Ceddanne Rafaela grounds out, first baseman Sal Stewart to pitcher Brady Singer.",16.274809929612072,14.824809929612073,0.0,14,0.8535094761347892,0.22159424086123547,1.57,3.11,thrown_to_redsox
824540,2026-03-28,9e67d15c-e25d-34db-9c26-737324208670,2,16,3,Ceddanne Rafaela,Brady Singer,Sinker,90.7,swinging_strike,True,Groundout,"Ceddanne Rafaela grounds out, first baseman Sal Stewart to pitcher Brady Singer.",0.0,-1.45,2.712548544123039,2,0.05757664738586965,2.7631209546564133,1.57,3.11,thrown_to_redsox
824540,2026-03-28,f2ba0661-3dc5-37eb-bbe3-52aec70c528f,2,16,4,Ceddanne Rafaela,Brady Singer,Sinker,91.7,hit_into_play,True,Groundout,"Ceddanne Rafaela grounds out, first baseman Sal Stewart to pitcher Brady Singer.",0.0,-1.45,4.065560930545592,5,0.24836992245453393,2.593704701520653,1.57,3.11,thrown_to_redsox
824540,2026-03-28,5f8e6c76-27ef-3e42-a9e6-0119679ccc57,3,22,1,Roman Anthony,Brady Singer,4-Seam Fastball,89.7,ball,False,Strikeout,Roman Anthony called out on strikes.,3.3343028324080706,1.8843028324080704,0.0,11,-0.6820353323884516,3.6038585693673393,1.679,3.326,thrown_to_redsox
824540,2026-03-28,03f2bfdc-7ffb-308e-8c7b-ec4d91cae536,3,22,2,Roman Anthony,Brady Singer,Sinker,90.3,called_strike,True,Strikeout,Roman Anthony called out on strikes.,0.0,-1.45,0.0,6,0.6398933230835782,2.3297980086271926,1.679,3.326,thrown_to_redsox
824540,2026-03-28,c2c37de7-6474-3a0a-91f0-be0430099a75,3,22,3,Roman Anthony,Brady Singer,4-Seam Fastball,90.6,ball,False,Strikeout,Roman Anthony called out on strikes.,7.234441649328671,5.784441649328671,0.0,14,1.310870137444056,1.9486978193271742,1.679,3.326,thrown_to_redsox
824540,2026-03-28,b3d7b94c-9393-30bb-b0d9-5db22429e2b8,3,22,4,Roman Anthony,Brady Singer,Sweeper,81.2,ball,False,Strikeout,Roman Anthony called out on strikes.,4.168630727004477,2.718630727004477,0.0,13,-0.07186874225871653,1.3316141060829603,1.679,3.326,thrown_to_redsox
824540,2026-03-28,98a539cf-fe58-3284-a6b3-7fafe1bee299,3,22,5,Roman Anthony,Brady Singer,Sinker,91.1,called_strike,True,Strikeout,Roman Anthony called out on strikes.,1.3397027941586908,-0.11029720584130925,0.0,7,-0.3564797782696154,1.5673581004867758,1.679,3.326,thrown_to_redsox
824540,2026-03-28,50bd3e3e-9cc2-33a2-ac77-a4e6af4abbee,3,22,6,Roman Anthony,Brady Singer,Sinker,92.2,called_strike,True,Strikeout,Roman Anthony called out on strikes.,0.0,-1.45,0.2713404826131473,4,-0.5645549597822377,2.346923821042825,1.679,3.326,thrown_to_redsox
824540,2026-03-28,a88cdcfa-a59f-31c3-ab33-7377dd25d79f,3,23,1,Trevor Story,Brady Singer,Sinker,91.3,ball,False,Home Run,Trevor Story homers (1) on a line drive to left center field.,10.753727577138307,9.303727577138307,0.0,14,1.600494888831708,1.5552108980877781,1.636,3.242,thrown_to_redsox
824540,2026-03-28,22b3ef62-134b-3601-885a-f06370367f93,3,23,2,Trevor Story,Brady Singer,Cutter,86.2,ball,False,Home Run,Trevor Story homers (1) on a line drive to left center field.,10.997437477279789,9.54743747727979,0.0,14,1.624453123106649,1.8454643608717083,1.636,3.242,thrown_to_redsox
824540,2026-03-28,b8d1783c-abb6-3876-a69e-79bcd324ec99,3,23,3,Trevor Story,Brady Singer,Sinker,90.0,hit_into_play,True,Home Run,Trevor Story homers (1) on a line drive to left center field.,0.0,-1.45,6.280252124348067,5,0.06381232297099437,2.437859354114326,1.636,3.242,thrown_to_redsox
824540,2026-03-28,2f1b4f99-9130-3cdf-8942-ad966bd0ffa5,3,24,1,Jarren Duran,Brady Singer,Sinker,90.1,called_strike,True,Strikeout,Jarren Duran strikes out swinging.,0.0,-1.45,2.2524974648256206,3,0.3994585445978649,2.7416389456636647,1.63,3.23,thrown_to_redsox
824540,2026-03-28,4f7cf0d5-d4d5-336f-92f3-6de40555743d,3,24,2,Jarren Duran,Brady Singer,Sinker,89.9,swinging_strike,False,Strikeout,Jarren Duran strikes out swinging.,3.0060380716082467,1.5560380716082465,0.0,11,-0.24074736562112653,3.4805031726340205,1.63,3.23,thrown_to_redsox
824540,2026-03-28,ac1678a3-cdc4-3f99-821a-ce927d1d297d,3,24,3,Jarren Duran,Brady Singer,Slider,82.9,ball,False,Strikeout,Jarren Duran strikes out swinging.,16.434873607644494,14.984873607644493,0.0,14,1.36762062596124,0.4297374095426907,1.63,3.23,thrown_to_redsox
824540,2026-03-28,6ffaeafe-50db-3318-915d-be6533262725,3,24,4,Jarren Duran,Brady Singer,Slider,82.5,swinging_strike,False,Strikeout,Jarren Duran strikes out swinging.,7.752958572878214,6.302958572878214,0.0,13,-0.017375320720184773,0.9839201189268154,1.63,3.23,thrown_to_redsox
824540,2026-03-28,e6827676-a0e5-3e8f-a6f3-bac172b20500,3,25,1,Willson Contreras,Brady Singer,Cutter,87.0,ball,False,Walk,Willson Contreras walks.,14.548844465085503,13.098844465085502,0.0,14,1.9035092096025852,1.4283059874940678,1.63,3.23,thrown_to_redsox
824540,2026-03-28,58cce432-296e-32bd-9fcf-edac47729174,3,25,2,Willson Contreras,Brady Singer,Sweeper,80.0,ball,False,Walk,Willson Contreras walks.,7.498217692126968,6.0482176921269675,0.0,14,0.14990800068315235,1.005148525656086,1.63,3.23,thrown_to_redsox
824540,2026-03-28,e4859ded-a625-328e-81b0-468ae12efd6c,3,25,3,Willson Contreras,Brady Singer,Cutter,86.3,ball,False,Walk,Willson Contreras walks.,11.289289900465937,9.839289900465936,0.0,14,1.6487741583721613,1.6865758462233673,1.63,3.23,thrown_to_redsox
824540,2026-03-28,18974ee7-236f-30df-9400-71745ffb794f,3,25,4,Willson Contreras,Brady Singer,Sinker,90.4,ball,False,Walk,Willson Contreras walks.,7.500479495540398,6.050479495540398,0.0,14,1.3330399579616998,2.1303590147875777,1.63,3.23,thrown_to_redsox
824540,2026-03-28,10fbb82a-e99e-3a61-825d-d382e0240a35,3,26,1,Wilyer Abreu,Brady Singer,Sinker,89.3,ball,False,Flyout,Wilyer Abreu flies out to center fielder TJ Friedl.,7.560685213337685,6.1106852133376846,0.0,11,-0.41332751021443515,3.7470571011114737,1.573,3.117,thrown_to_redsox
824540,2026-03-28,e74af469-f65a-313e-8177-e03d9097d25e,3,26,2,Wilyer Abreu,Brady Singer,4-Seam Fastball,89.2,hit_into_play,True,Flyout,Wilyer Abreu flies out to center fielder TJ Friedl.,0.0,-1.45,0.0,2,0.23698184354447238,3.0481213846704716,1.573,3.117,thrown_to_redsox
824540,2026-03-28,28fd5682-5d8f-31f0-a570-6b2deb492d39,4,32,1,Caleb Durbin,Brady Singer,Sinker,90.3,ball,False,Lineout,Caleb Durbin lines out sharply to center fielder TJ Friedl.,3.0933999882049807,1.6433999882049806,0.0,11,-0.965783332350415,2.7452150581832564,1.487,2.947,thrown_to_redsox
824540,2026-03-28,e765b8ab-5de0-3d19-8114-70aa8f3f5d2d,4,32,2,Caleb Durbin,Brady Singer,Sinker,90.3,called_strike,True,Lineout,Caleb Durbin lines out sharply to center fielder TJ Friedl.,0.0,-1.45,2.24776900124895,8,0.19359423514865093,1.795147416770746,1.487,2.947,thrown_to_redsox
824540,2026-03-28,a61b804b-f7ea-3c8a-a58a-88b503956d12,4,32,3,Caleb Durbin,Brady Singer,Sinker,90.2,hit_into_play,True,Lineout,Caleb Durbin lines out sharply to center fielder TJ Friedl.,0.6237717602527759,-0.826228239747224,0.0,2,0.06481367774695257,2.9989809800210647,1.487,2.947,thrown_to_redsox
824540,2026-03-28,47f7ab41-be19-39b4-b41f-ce4971916085,4,33,1,Marcelo Mayer,Brady Singer,Cutter,86.1,foul_tip,False,Strikeout,Marcelo Mayer strikes out swinging.,4.096314947434172,2.6463149474341714,0.0,12,0.6473615860451012,3.6833595789528477,1.687,3.342,thrown_to_redsox
824540,2026-03-28,3187545c-85ec-36f4-95ec-7719ab2693d8,4,33,2,Marcelo Mayer,Brady Singer,4-Seam Fastball,89.4,ball,False,Strikeout,Marcelo Mayer strikes out swinging.,3.912394160354118,2.4623941603541177,0.0,11,-1.0306924660882044,3.3885509339833857,1.687,3.342,thrown_to_redsox
824540,2026-03-28,7c4b8439-d503-3ce5-9c48-b10f31631217,4,33,3,Marcelo Mayer,Brady Singer,Sweeper,82.1,called_strike,False,Strikeout,Marcelo Mayer strikes out swinging.,3.8429450182810347,2.3929450182810346,0.0,13,-0.01156123459926306,1.3667545818099138,1.687,3.342,thrown_to_redsox
824540,2026-03-28,e53458d1-f80e-3f5b-8570-42e36377f54b,4,33,4,Marcelo Mayer,Brady Singer,Sinker,90.2,ball,False,Strikeout,Marcelo Mayer strikes out swinging.,20.96524841401034,19.51524841401034,0.0,11,-1.9615980643089048,4.558907720630515,1.687,3.342,thrown_to_redsox
824540,2026-03-28,eb535e60-d5ee-3744-a321-369da5b837ff,4,33,5,Marcelo Mayer,Brady Singer,Sweeper,83.0,swinging_strike,False,Strikeout,Marcelo Mayer strikes out swinging.,15.467302606068067,14.017302606068068,0.0,14,0.6983414411115858,0.3980581161609944,1.687,3.342,thrown_to_redsox
824540,2026-03-28,ce86018a-42a2-3303-adf1-6ae007abbacb,4,34,1,Carlos Narváez,Brady Singer,Cutter,85.7,ball,False,Single,Carlos Narváez singles on a line drive to right fielder Will Benson.,10.362290265429714,8.912290265429712,0.0,11,-1.3644113491118535,3.7420687706291864,1.605,3.181,thrown_to_redsox
824540,2026-03-28,23135f3a-6d8d-302b-907f-9275c58a67c6,4,34,2,Carlos Narváez,Brady Singer,Sweeper,79.7,called_strike,True,Single,Carlos Narváez singles on a line drive to right fielder Will Benson.,0.0,-1.45,3.092600988488157,7,-0.32944991762598685,2.0065168754304272,1.605,3.181,thrown_to_redsox
824540,2026-03-28,5a70cdc7-e8b4-393e-8784-1b407e828d77,4,34,3,Carlos Narváez,Brady Singer,Slider,81.7,ball,False,Single,Carlos Narváez singles on a line drive to right fielder Will Benson.,17.48222502404885,16.032225024048852,0.0,14,1.540281348252867,0.4092885984058139,1.605,3.181,thrown_to_redsox
824540,2026-03-28,84dd9514-c0e5-3e97-8463-e563c11dfdc6,4,34,4,Carlos Narváez,Brady Singer,Sweeper,80.6,swinging_strike,False,Single,Carlos Narváez singles on a line drive to right fielder Will Benson.,4.62637216970945,3.17637216970945,0.0,14,0.5549951256313308,1.2194689858575458,1.605,3.181,thrown_to_redsox
824540,2026-03-28,41cacb68-685d-3c8c-bd11-def40d7ef481,4,34,5,Carlos Narváez,Brady Singer,Sinker,91.2,ball,False,Single,Carlos Narváez singles on a line drive to right fielder Will Benson.,3.643240611327931,2.193240611327931,0.0,14,1.0116033842773275,1.9638552396865974,1.605,3.181,thrown_to_redsox
824540,2026-03-28,a29d26ba-7ab9-3e72-88f5-2fe6daccedd5,4,34,6,Carlos Narváez,Brady Singer,Sinker,90.9,hit_into_play,True,Single,Carlos Narváez singles on a line drive to right fielder Will Benson.,0.0,-1.45,6.0476950194343395,5,-0.08319208171380499,2.518615849831181,1.605,3.181,thrown_to_redsox
824540,2026-03-28,d5eeb17d-221c-3f16-a564-63f066c6d8f6,4,35,1,Ceddanne Rafaela,Brady Singer,Sweeper,79.5,swinging_strike,True,Single,Ceddanne Rafaela singles on a line drive to center fielder TJ Friedl. Carlos Narváez to 2nd.,0.0,-1.45,0.0,8,-0.26304498007617694,1.682203773558153,1.57,3.11,thrown_to_redsox
824540,2026-03-28,076480f5-930e-3ee0-86ed-805edbd19d94,4,35,2,Ceddanne Rafaela,Brady Singer,Sinker,90.1,swinging_strike,True,Single,Ceddanne Rafaela singles on a line drive to center fielder TJ Friedl. Carlos Narváez to 2nd.,0.0,-1.45,3.466324076107152,6,0.2983063269910706,2.1274789434387076,1.57,3.11,thrown_to_redsox
824540,2026-03-28,d434805f-0676-3839-81cd-cfa4f1a3cdc4,4,35,3,Ceddanne Rafaela,Brady Singer,Sweeper,80.1,ball,False,Single,Ceddanne Rafaela singles on a line drive to center fielder TJ Friedl. Carlos Narváez to 2nd.,12.507149613293127,11.057149613293127,0.0,14,1.6462177968252831,1.1160634213333864,1.57,3.11,thrown_to_redsox
824540,2026-03-28,fd8583d5-9473-337e-be70-d239daa2168b,4,35,4,Ceddanne Rafaela,Brady Singer,Sinker,89.3,hit_into_play,False,Single,Ceddanne Rafaela singles on a line drive to center fielder TJ Friedl. Carlos Narváez to 2nd.,2.999847765663157,1.5498477656631566,0.0,11,-0.5385152534318218,3.359987313805263,1.57,3.11,thrown_to_redsox
824540,2026-03-28,f3bd10a7-9bbb-31c2-92ae-9453c189e034,4,36,1,Roman Anthony,Brady Singer,Sinker,89.6,hit_into_play,True,Single,Roman Anthony singles on a ground ball to right fielder Will Benson. Carlos Narváez scores. Ceddanne Rafaela to 3rd.,0.0,-1.45,3.4774806526252258,4,-0.29737661228123113,2.7126811554709476,1.679,3.326,thrown_to_redsox
824540,2026-03-28,3081b7d1-91d3-3371-b184-6cf479f063d6,4,37,1,Trevor Story,Brady Singer,Sinker,90.4,called_strike,True,Strikeout,Trevor Story called out on strikes.,0.2484295748987373,-1.2015704251012627,0.0,9,0.3389473566721559,1.6152975354251051,1.636,3.242,thrown_to_redsox
824540,2026-03-28,489577d5-20b0-3a3a-ade8-15a0045c28fa,4,37,2,Trevor Story,Brady Singer,Sweeper,79.9,ball,False,Strikeout,Trevor Story called out on strikes.,12.054054867170503,10.604054867170502,0.0,14,1.1145738991563492,0.7174538115998175,1.636,3.242,thrown_to_redsox
824540,2026-03-28,34df3ef6-1a6f-31c1-9cd3-f1020562ac52,4,37,3,Trevor Story,Brady Singer,Sinker,89.9,called_strike,True,Strikeout,Trevor Story called out on strikes.,0.0,-1.45,0.0,9,0.6672802134525646,1.9261476035078982,1.636,3.242,thrown_to_redsox
824540,2026-03-28,d60ce975-b68b-3380-80b7-2e29f170bc3e,4,37,4,Trevor Story,Brady Singer,Sinker,90.6,ball,False,Strikeout,Trevor Story called out on strikes.,12.906112034212335,11.456112034212335,0.0,14,1.1346713627025056,0.648745280857411,1.636,3.242,thrown_to_redsox
824540,2026-03-28,8531a808-a3ff-3858-97b8-974eefff5a0a,4,37,5,Trevor Story,Brady Singer,Sweeper,81.5,ball,False,Strikeout,Trevor Story called out on strikes.,27.913339076212257,26.463339076212257,0.0,14,1.5004488725531482,-0.5509659146985166,1.636,3.242,thrown_to_redsox
824540,2026-03-28,9fdf4f1d-7c4a-3d48-92ee-1f80abaa031e,4,37,6,Trevor Story,Brady Singer,Sinker,90.8,called_strike,False,Strikeout,Trevor Story called out on strikes.,4.681966108370866,3.231966108370866,0.0,14,1.0981638423642388,1.6801843823635032,1.636,3.242,thrown_to_redsox
